log_policy.closing_mode,log_policy.log_level,log_policy.mss_enforce,log_policy.log_compression,decrypting,deep_inspection,log_policy.application,conn_tracking,nat_src.dynamic_nat.generate_arp,nat_src.dynamic_nat.packet_description.first_port,nat_src.dynamic_nat.packet_description.last_port,nat_src.dynamic_nat.packet_description.ne_ref
true,stored,false,,,,,,,,,
true,undefined,false,,,,,,,,,
true,undefined,false,,,,,,,,,
true,undefined,false,,,,,,,,,
true,undefined,false,,,,,,,,,
true,undefined,false,,,,,,,,,
true,undefined,false,,,,,,,,,
true,undefined,false,,,,,,,,,
true,undefined,false,,,,,,,,,
true,undefined,false,,,,,,,,,
true,undefined,false,,,,,,,,,
true,undefined,false,,,,,,,,,
true,undefined,false,,,,,,,,,
true,undefined,false,,,,,,,,,
true,undefined,false,,,,,,,,,
true,undefined,false,,,,,,,,,
true,undefined,false,,,,,,,,,
true,undefined,false,,,,,,,,,
true,undefined,false,,,,,,,,,
true,undefined,false,,,,,,,,,
true,undefined,false,,,,,,,,,
true,undefined,false,,,,,,,,,
true,undefined,false,,,,,,,,,
true,undefined,false,,,,,,,,,
true,undefined,false,,,,,,,,,
true,undefined,false,,,,,,,,,
true,undefined,false,,,,,,,,,
true,undefined,false,,,,,,,,,
true,undefined,false,,,,,,,,,
true,undefined,false,,,,,,,,,
true,undefined,false,,,,,,,,,
true,undefined,false,,,,,,,,,
true,undefined,false,,,,,,,,,
true,undefined,false,,,,,,,,,
true,undefined,false,,,,,,,,,
true,undefined,false,,,,,,,,,
true,undefined,false,,,,,,,,,
true,undefined,false,,,,,,,,,
true,undefined,false,,,,,,,,,
true,undefined,false,,,,,,,,,
true,undefined,false,,,,,,,,,
true,undefined,false,,,,,,,,,
true,undefined,false,,,,,,,,,
true,undefined,false,,,,,,,,,
true,undefined,false,,,,,,,,,
true,undefined,false,,,,,,,,,
true,undefined,false,,,,,,,,,
true,undefined,false,,,,,,,,,
true,undefined,false,,,,,,,,,
true,undefined,false,,,,,,,,,
true,undefined,false,,,,,,,,,
true,undefined,false,,,,,,,,,
true,undefined,false,,,,,,,,,
true,undefined,false,,,,,,,,,
true,undefined,false,,,,,,,,,
true,undefined,false,,,,,,,,,
true,undefined,false,,,,,,,,,
true,undefined,false,,,,,,,,,
true,undefined,false,,,,,,,,,
true,undefined,false,,,,,,,,,
true,undefined,false,,,,,,,,,
true,undefined,false,,,,,,,,,
true,undefined,false,,,,,,,,,
true,undefined,false,,,,,,,,,
true,undefined,false,,,,,,,,,
true,undefined,false,,,,,,,,,
true,undefined,false,,,,,,,,,
true,undefined,false,,,,,,,,,
true,undefined,false,,,,,,,,,
true,undefined,false,,,,,,,,,
true,undefined,false,,,,,,,,,
true,undefined,false,,,,,,,,,
true,undefined,false,,,,,,,,,
true,undefined,false,,,,,,,,,
true,undefined,false,,,,,,,,,
true,undefined,false,,,,,,,,,
true,undefined,false,,,,,,,,,
true,undefined,false,,,,,,,,,
true,undefined,false,,,,,,,,,
true,undefined,false,,,,,,,,,
true,undefined,false,,,,,,,,,
true,undefined,false,,,,,,,,,
true,undefined,false,,,,,,,,,
true,undefined,false,,,,,,,,,
true,undefined,false,,,,,,,,,
true,undefined,false,,,,,,,,,
true,undefined,false,,,,,,,,,
true,undefined,false,,,,,,,,,
true,undefined,false,,,,,,,,,
true,undefined,false,,,,,,,,,
true,undefined,false,,,,,,,,,
true,undefined,false,,,,,,,,,
true,undefined,false,,,,,,,,,
true,undefined,false,,,,,,,,,
true,undefined,false,,,,,,,,,
true,undefined,false,,,,,,,,,
true,undefined,false,,,,,,,,,
true,undefined,false,,,,,,,,,
true,undefined,false,,,,,,,,,
true,undefined,false,,,,,,,,,
true,undefined,false,,,,,,,,,
true,undefined,false,,,,,,,,,
true,stored,false,,,,,,,,,
true,undefined,false,,,,,,,,,
true,undefined,false,,,,,,,,,
true,undefined,false,,,,,,,,,
true,undefined,false,,,,,,,,,
true,undefined,false,,,,,,,,,
true,stored,false,,,,,,,,,
true,undefined,false,,,,,,,,,
true,undefined,false,,,,,,,,,
true,undefined,false,,,,,,,,,
true,undefined,false,,,,,,,,,
true,undefined,false,,,,,,,,,
true,undefined,false,,,,,,,,,
true,undefined,false,,,,,,,,,
true,undefined,false,,,,,,,,,
true,undefined,false,,,,,,,,,
true,undefined,false,,,,,,,,,
true,undefined,false,,,,,,,,,
true,undefined,false,,,,,,,,,
true,undefined,false,,,,,,,,,
true,stored,false,,,,,,,,,
true,stored,false,also_inspection,,,,,,,,
true,undefined,false,,,,,,,,,
true,undefined,false,,,,,,,,,
true,undefined,false,,,,,,,,,
true,undefined,false,,,,,,,,,
true,undefined,false,,,,,,,,,
true,undefined,false,,,,,,,,,
true,undefined,false,,,,,,,,,
true,undefined,false,,,,,,,,,
true,undefined,false,,,,,,,,,
true,undefined,false,,,,,,,,,
true,stored,false,,,,,,,,,
true,undefined,false,,,,,,,,,
true,stored,false,,,,,,,,,
true,stored,false,,,,,,,,,
true,stored,false,,,,,,,,,
true,undefined,false,,,,,,,,,
true,undefined,false,,,,,,,,,
true,undefined,false,,,,,,,,,
true,undefined,false,,,,,,,,,
true,undefined,false,,,,,,,,,
true,undefined,false,,,,,,,,,
true,undefined,false,,,,,,,,,
true,undefined,false,,,,,,,,,
true,stored,false,,,,,,,,,
true,stored,false,,,,,,,,,
true,undefined,false,,,,,,,,,
true,undefined,false,,,,,,,,,
true,undefined,false,,,,,,,,,
true,undefined,false,,,,,,,,,
true,undefined,false,,,,,,,,,
true,stored,false,,,,,,,,,
true,stored,false,,,,,,,,,
true,stored,false,,,,,,,,,
true,stored,false,,,,,,,,,
true,stored,false,,,,,,,,,
true,stored,false,,,,,,,,,
true,stored,false,,,,,,,,,
true,stored,false,,,,,,,,,
true,stored,false,,,,,,,,,
true,undefined,false,,,,,,,,,
true,undefined,false,,,,,,,,,
true,undefined,false,,,,,,,,,
true,undefined,false,,,,,,,,,
true,stored,false,,,,,,,,,
true,undefined,false,,,,,,,,,
true,undefined,false,,,,,,,,,
true,undefined,false,,,,,,,,,
true,undefined,false,,,,,,,,,
true,undefined,false,,,,,,,,,
true,undefined,false,,,,,,,,,
true,undefined,false,,,,,,,,,
true,undefined,false,off,,,,,,,,
true,undefined,false,off,,,,,,,,
true,undefined,false,off,,,,,,,,
true,undefined,false,off,,,,,,,,
true,undefined,false,off,,,,,,,,
true,undefined,false,off,,,,,,,,
true,undefined,false,off,,,,,,,,
true,undefined,false,off,,,,,,,,
true,undefined,false,off,,,,,,,,
true,undefined,false,off,,,,,,,,
true,undefined,false,off,,,,,,,,
true,undefined,false,off,,,,,,,,
true,undefined,false,off,,,,,,,,
true,undefined,false,off,,,,,,,,
true,undefined,false,off,,,,,,,,
true,undefined,false,off,,,,,,,,
true,undefined,false,off,,,,,,,,
true,undefined,false,off,,,,,,,,
true,undefined,false,off,,,,,,,,
true,undefined,false,off,,,,,,,,
true,undefined,false,off,,,,,,,,
true,undefined,false,off,,,,,,,,
true,undefined,false,off,,,,,,,,
true,undefined,false,,,,,,,,,
true,undefined,false,,,,,,,,,
true,undefined,false,,,,,,,,,
true,undefined,false,,,,,,,,,
true,undefined,false,off,,,,,,,,
true,undefined,false,off,,,,,,,,
true,undefined,false,off,,,,,,,,
true,undefined,false,off,,,,,,,,
true,undefined,false,,,,,,,,,
true,undefined,false,,,,,,,,,
true,undefined,false,,,,,,,,,
true,undefined,false,,,,,,,,,
true,undefined,false,,,,,,,,,
true,undefined,false,,,,,,,,,
true,undefined,false,,,,,,,,,
true,undefined,false,,,,,,,,,
true,undefined,false,,,,,,,,,
true,undefined,false,off,,,,,,,,
true,undefined,false,off,,,,,,,,
true,undefined,false,off,,,,,,,,
true,undefined,false,,,,,,,,,
true,undefined,false,,,,,,,,,
true,undefined,false,,,,,,,,,
true,undefined,false,off,,,,,,,,
true,undefined,false,,,,,,,,,
true,undefined,false,,,,,,,,,
true,undefined,false,,,,,,,,,
true,undefined,false,off,,,,,,,,
true,undefined,false,off,,,,,,,,
true,undefined,false,,,,,,,,,
true,undefined,false,,,,,,,,,
true,undefined,false,off,,,,,,,,
true,undefined,false,,,,,,,,,
true,undefined,false,,,,,,,,,
true,undefined,false,off,,,,,,,,
true,undefined,false,off,,,,,,,,
true,undefined,false,off,,,,,,,,
true,undefined,false,off,,,,,,,,
true,undefined,false,,,,,,,,,
true,undefined,false,,,,,,,,,
true,undefined,false,,,,,,,,,
true,undefined,false,,,,,,,,,
true,undefined,false,,,,,,,,,
true,undefined,false,,,,,,,,,
true,undefined,false,,,,,,,,,
true,undefined,false,,,,,,,,,
true,undefined,false,,,,,,,,,
true,undefined,false,,,,,,,,,
true,undefined,false,,,,,,,,,
true,undefined,false,,,,,,,,,
true,undefined,false,,,,,,,,,
true,undefined,false,off,,,,,,,,
true,undefined,false,off,,,,,,,,
true,undefined,false,off,,,,,,,,
true,undefined,false,off,,,,,,,,
true,undefined,false,,,,,,,,,
true,undefined,false,,,,,,,,,
true,undefined,false,,,,,,,,,
true,undefined,false,,,,,,,,,
true,undefined,false,,,,,,,,,
true,undefined,false,,,,,,,,,
true,undefined,false,,,,,,,,,
true,undefined,false,,,,,,,,,
true,undefined,false,,,,,,,,,
true,undefined,false,,,,,,,,,
true,undefined,false,,,,,,,,,
true,undefined,false,,,,,,,,,
true,undefined,false,,,,,,,,,
true,undefined,false,,,,,,,,,
true,undefined,false,,,,,,,,,
true,undefined,false,,,,,,,,,
true,undefined,false,,,,,,,,,
true,undefined,false,,,,,,,,,
true,undefined,false,,,,,,,,,
true,undefined,false,,,,,,,,,
true,undefined,false,,,,,,,,,
true,undefined,false,,,,,,,,,
true,undefined,false,,,,,,,,,
true,undefined,false,,,,,,,,,
true,undefined,false,,,,,,,,,
true,undefined,false,,,,,,,,,
true,undefined,false,,,,,,,,,
true,undefined,false,,,,,,,,,
true,undefined,false,,,,,,,,,
true,undefined,false,,,,,,,,,
true,undefined,false,,,,,,,,,
true,undefined,false,,,,,,,,,
true,undefined,false,,,,,,,,,
true,undefined,false,,,,,,,,,
true,undefined,false,,,,,,,,,
true,undefined,false,,,,,,,,,
true,undefined,false,,,,,,,,,
true,undefined,false,,,,,,,,,
true,undefined,false,off,,,,,,,,
true,undefined,false,,,,,,,,,
true,undefined,false,,,,,,,,,
true,undefined,false,,,,,,,,,
true,undefined,false,,,,,,,,,
true,undefined,false,,,,,,,,,
true,undefined,false,,,,,,,,,
true,undefined,false,,,,,,,,,
true,undefined,false,,,,,,,,,
true,undefined,false,,,,,,,,,
true,undefined,false,,,,,,,,,
true,undefined,false,off,,,,,,,,
true,undefined,false,,,,,,,,,
true,undefined,false,off,,,,,,,,
true,undefined,false,,,,,,,,,
true,undefined,false,,,,,,,,,
true,undefined,false,,,,,,,,,
true,undefined,false,,,,,,,,,
true,undefined,false,,,,,,,,,
true,undefined,false,off,,,,,,,,
true,undefined,false,off,,,,,,,,
true,undefined,false,,,,,,,,,
true,undefined,false,,,,,,,,,
true,undefined,false,,,,,,,,,
true,undefined,false,off,,,,,,,,
true,undefined,false,,,,,,,,,
true,undefined,false,,,,,,,,,
true,undefined,false,,,,,,,,,
true,undefined,false,,,,,,,,,
true,undefined,false,,,,,,,,,
true,undefined,false,,,,,,,,,
true,undefined,false,off,,,,,,,,
true,undefined,false,,,,,,,,,
true,undefined,false,,,,,,,,,
true,undefined,false,,,,,,,,,
true,undefined,false,,,,,,,,,
true,undefined,false,,,,,,,,,
true,undefined,false,,,,,,,,,
true,undefined,false,,,,,,,,,
true,undefined,false,,,,,,,,,
true,undefined,false,,,,,,,,,
true,undefined,false,,,,,,,,,
true,undefined,false,,,,,,,,,
true,undefined,false,off,,,,,,,,
true,undefined,false,,,,,,,,,
true,undefined,false,,,,,,,,,
true,undefined,false,,,,,,,,,
true,undefined,false,,,,,,,,,
true,undefined,false,,,,,,,,,
true,undefined,false,,,,,,,,,
true,undefined,false,,,,,,,,,
true,undefined,false,off,,,,,,,,
true,undefined,false,,,,,,,,,
true,undefined,false,off,,,,,,,,
true,undefined,false,off,,,,,,,,
true,undefined,false,,,,,,,,,
true,undefined,false,off,,,,,,,,
true,undefined,false,,,,,,,,,
true,undefined,false,,,,,,,,,
true,undefined,false,,,,,,,,,
true,undefined,false,,,,,,,,,
true,undefined,false,,,,,,,,,
true,undefined,false,,,,,,,,,
true,undefined,false,off,,,,,,,,
true,undefined,false,off,,,,,,,,
true,undefined,false,,,,,,,,,
true,undefined,false,,,,,,,,,
true,undefined,false,,,,,,,,,
true,undefined,false,,,,,,,,,
true,undefined,false,,,,,,,,,
true,undefined,false,,,,,,,,,
true,undefined,false,,,,,,,,,
true,undefined,false,,,,,,,,,
true,undefined,false,,,,,,,,,
true,undefined,false,,,,,,,,,
true,undefined,false,,,,,,,,,
true,undefined,false,,,,,,,,,
true,undefined,false,,,,,,,,,
true,undefined,false,,,,,,,,,
true,undefined,false,,,,,,,,,
true,undefined,false,,,,,,,,,
true,undefined,false,,,,,,,,,
true,undefined,false,,,,,,,,,
true,undefined,false,,,,,,,,,
true,undefined,false,,,,,,,,,
true,undefined,false,,,,,,,,,
true,undefined,false,,,,,,,,,
true,undefined,false,,,,,,,,,
true,undefined,false,,,,,,,,,
true,undefined,false,,,,,,,,,
true,undefined,false,,,,,,,,,
true,undefined,false,,,,,,,,,
true,undefined,false,,,,,,,,,
true,undefined,false,,,,,,,,,
true,undefined,false,,,,,,,,,
true,undefined,false,,,,,,,,,
true,undefined,false,,,,,,,,,
true,undefined,false,,,,,,,,,
true,undefined,false,,,,,,,,,
true,undefined,false,,,,,,,,,
true,undefined,false,,,,,,,,,
true,undefined,false,,,,,,,,,
true,undefined,false,,,,,,,,,
true,undefined,false,,,,,,,,,
true,undefined,false,,,,,,,,,
true,undefined,false,,,,,,,,,
true,undefined,false,,,,,,,,,
true,undefined,false,,,,,,,,,
true,undefined,false,,,,,,,,,
true,undefined,false,,,,,,,,,
true,undefined,false,,,,,,,,,
true,undefined,false,,,,,,,,,
true,undefined,false,,,,,,,,,
true,undefined,false,,,,,,,,,
true,undefined,false,,,,,,,,,
true,undefined,false,,,,,,,,,
true,undefined,false,,,,,,,,,
true,undefined,false,,,,,,,,,
true,undefined,false,,,,,,,,,
true,undefined,false,,,,,,,,,
true,undefined,false,,,,,,,,,
true,undefined,false,,,,,,,,,
true,undefined,false,,,,,,,,,
true,undefined,false,,,,,,,,,
true,undefined,false,,,,,,,,,
true,undefined,false,,,,,,,,,
true,undefined,false,,,,,,,,,
true,undefined,false,,,,,,,,,
true,undefined,false,,,,,,,,,
true,undefined,false,,,,,,,,,
true,undefined,false,,,,,,,,,
true,undefined,false,,,,,,,,,
true,undefined,false,,,,,,,,,
true,undefined,false,,,,,,,,,
true,undefined,false,,,,,,,,,
true,undefined,false,,,,,,,,,
true,undefined,false,,,,,,,,,
true,undefined,false,,,,,,,,,
true,undefined,false,,,,,,,,,
true,undefined,false,,,,,,,,,
true,undefined,false,,,,,,,,,
true,undefined,false,,,,,,,,,
true,undefined,false,,,,,,,,,
true,undefined,false,,,,,,,,,
true,undefined,false,,,,,,,,,
true,undefined,false,,,,,,,,,
true,undefined,false,,,,,,,,,
true,undefined,false,,,,,,,,,
true,undefined,false,,,,,,,,,
true,undefined,false,,,,,,,,,
true,undefined,false,,,,,,,,,
true,undefined,false,,,,,,,,,
true,undefined,false,,,,,,,,,
true,undefined,false,,,,,,,,,
true,undefined,false,,,,,,,,,
true,undefined,false,,,,,,,,,
true,undefined,false,,,,,,,,,
true,undefined,false,,,,,,,,,
true,undefined,false,,,,,,,,,
true,undefined,false,,,,,,,,,
true,undefined,false,,,,,,,,,
true,undefined,false,,,,,,,,,
true,undefined,false,,,,,,,,,
true,undefined,false,,,,,,,,,
true,undefined,false,,,,,,,,,
true,undefined,false,,,,,,,,,
true,undefined,false,,,,,,,,,
true,undefined,false,,,,,,,,,
true,undefined,false,,,,,,,,,
true,undefined,false,,,,,,,,,
true,undefined,false,,,,,,,,,
true,undefined,false,,,,,,,,,
true,undefined,false,,,,,,,,,
true,undefined,false,,,,,,,,,
true,undefined,false,,,,,,,,,
true,undefined,false,,,,,,,,,
true,undefined,false,,,,,,,,,
true,undefined,false,,,,,,,,,
true,undefined,false,,,,,,,,,
true,undefined,false,,,,,,,,,
true,undefined,false,,,,,,,,,
true,undefined,false,,,,,,,,,
true,undefined,false,,,,,,,,,
true,undefined,false,,,,,,,,,
true,undefined,false,,,,,,,,,
true,undefined,false,,,,,,,,,
true,undefined,false,,,,,,,,,
true,undefined,false,,,,,,,,,
true,undefined,false,,,,,,,,,
true,undefined,false,,,,,,,,,
true,undefined,false,,,,,,,,,
true,undefined,false,,,,,,,,,
true,undefined,false,,,,,,,,,
true,undefined,false,,,,,,,,,
true,undefined,false,,,,,,,,,
true,undefined,false,,,,,,,,,
true,undefined,false,,,,,,,,,
true,undefined,false,,,,,,,,,
true,undefined,false,,,,,,,,,
true,undefined,false,,,,,,,,,
true,undefined,false,,,,,,,,,
true,undefined,false,,,,,,,,,
true,undefined,false,,,,,,,,,
true,undefined,false,,,,,,,,,
true,undefined,false,,,,,,,,,
true,undefined,false,,,,,,,,,
true,undefined,false,,,,,,,,,
true,undefined,false,,,,,,,,,
true,undefined,false,,,,,,,,,
true,undefined,false,,,,,,,,,
,undefined,false,off,,,,,,,,
true,undefined,false,,,,,,,,,
true,undefined,false,,,,,,,,,
true,undefined,false,,,,,,,,,
true,undefined,false,,,,,,,,,
true,undefined,false,,,,,,,,,
true,undefined,false,,,,,,,,,
true,undefined,false,,,,,,,,,
true,undefined,false,,,,,,,,,
true,undefined,false,,,,,,,,,
true,undefined,false,,,,,,,,,
true,undefined,false,,,,,,,,,
true,undefined,false,,,,,,,,,
true,undefined,false,,,,,,,,,
true,undefined,false,,,,,,,,,
true,undefined,false,,,,,,,,,
true,undefined,false,,,,,,,,,
true,undefined,false,,,,,,,,,
true,undefined,false,,,,,,,,,
true,undefined,false,,,,,,,,,
true,undefined,false,,,,,,,,,
true,undefined,false,,,,,,,,,
true,undefined,false,,,,,,,,,
true,undefined,false,,,,,,,,,
true,undefined,false,,,,,,,,,
true,undefined,false,,,,,,,,,
true,undefined,false,,,,,,,,,
true,undefined,false,,,,,,,,,
true,undefined,false,,,,,,,,,
true,undefined,false,,,,,,,,,
true,undefined,false,,,,,,,,,
true,stored,false,off,,,,,,,,
true,undefined,false,,,,,,,,,
true,undefined,false,,,,,,,,,
true,undefined,false,,,,,,,,,
true,undefined,false,,,,,,,,,
true,undefined,false,,,,,,,,,
true,undefined,false,,,,,,,,,
true,undefined,false,,,,,,,,,
true,undefined,false,,,,,,,,,
true,undefined,false,,,,,,,,,
true,undefined,false,,,,,,,,,
true,undefined,false,,,,,,,,,
true,undefined,false,,,,,,,,,
true,undefined,false,,,,,,,,,
true,undefined,false,,,,,,,,,
true,undefined,false,,,,,,,,,
true,undefined,false,,,,,,,,,
true,undefined,false,,,,,,,,,
true,undefined,false,,,,,,,,,
true,undefined,false,,,,,,,,,
true,undefined,false,,,,,,,,,
true,undefined,false,,,,,,,,,
true,undefined,false,,,,,,,,,
true,undefined,false,,,,,,,,,
true,undefined,false,,,,,,,,,
true,undefined,false,,,,,,,,,
true,undefined,false,,,,,,,,,
true,undefined,false,,,,,,,,,
true,undefined,false,,,,,,,,,
true,undefined,false,,,,,,,,,
true,undefined,false,,,,,,,,,
true,undefined,false,,,,,,,,,
true,undefined,false,,,,,,,,,
true,undefined,false,,,,,,,,,
true,undefined,false,,,,,,,,,
true,undefined,false,,,,,,,,,
true,undefined,false,,,,,,,,,
true,undefined,false,,,,,,,,,
true,undefined,false,,,,,,,,,
true,undefined,false,,,,,,,,,
true,undefined,false,,,,,,,,,
true,undefined,false,,,,,,,,,
true,undefined,false,,,,,,,,,
true,undefined,false,,,,,,,,,
true,undefined,false,,,,,,,,,
true,undefined,false,,,,,,,,,
true,undefined,false,,,,,,,,,
true,undefined,false,,,,,,,,,
true,undefined,false,,,,,,,,,
true,undefined,false,,,,,,,,,
true,undefined,false,,,,,,,,,
true,undefined,false,,,,,,,,,
true,undefined,false,,,,,,,,,
true,undefined,false,,,,,,,,,
true,undefined,false,,,,,,,,,
true,undefined,false,,,,,,,,,
true,undefined,false,,,,,,,,,
true,undefined,false,,,,,,,,,
true,undefined,false,,,,,,,,,
true,undefined,false,,,,,,,,,
true,undefined,false,,,,,,,,,
true,undefined,false,,,,,,,,,
true,undefined,false,,,,,,,,,
true,undefined,false,,,,,,,,,
true,undefined,false,,,,,,,,,
true,undefined,false,,,,,,,,,
true,undefined,false,,,,,,,,,
true,undefined,false,,,,,,,,,
true,undefined,false,,,,,,,,,
true,undefined,false,,,,,,,,,
true,undefined,false,,,,,,,,,
true,undefined,false,,,,,,,,,
true,undefined,false,,,,,,,,,
true,undefined,false,,,,,,,,,
true,undefined,false,,,,,,,,,
true,undefined,false,,,,,,,,,
true,undefined,false,,,,,,,,,
true,undefined,false,,,,,,,,,
true,undefined,false,,,,,,,,,
true,undefined,false,,,,,,,,,
true,undefined,false,,,,,,,,,
true,undefined,false,,,,,,,,,
true,undefined,false,,,,,,,,,
true,undefined,false,,,,,,,,,
true,undefined,false,,,,,,,,,
true,undefined,false,,,,,,,,,
true,undefined,false,,,,,,,,,
true,undefined,false,,,,,,,,,
true,undefined,false,,,,,,,,,
true,undefined,false,,,,,,,,,
true,undefined,false,,,,,,,,,
true,undefined,false,,,,,,,,,
true,undefined,false,,,,,,,,,
true,undefined,false,,,,,,,,,
true,undefined,false,,,,,,,,,
true,undefined,false,,,,,,,,,
true,undefined,false,,,,,,,,,
true,undefined,false,,,,,,,,,
true,undefined,false,,,,,,,,,
true,undefined,false,,,,,,,,,
true,undefined,false,,,,,,,,,
true,undefined,false,,,,,,,,,
true,undefined,false,,,,,,,,,
true,undefined,false,,,,,,,,,
true,undefined,false,,,,,,,,,
,stored,false,off,true,true,enforced,,,,,
true,undefined,false,,,,,,,,,
true,undefined,false,,,,,,,,,
true,undefined,false,,,,,,,,,
true,undefined,false,,,,,,,,,
true,undefined,false,,,,,,,,,
true,undefined,false,,,,,,,,,
true,undefined,false,,,,,,,,,
true,undefined,false,,,,,,,,,
true,undefined,false,,,,,,,,,
true,undefined,false,,,,,,,,,
true,undefined,false,,,,,,,,,
true,undefined,false,,,,,,,,,
true,undefined,false,,,,,,,,,
true,undefined,false,,,,,,,,,
true,undefined,false,,,,,,,,,
true,undefined,false,,,,,,,,,
true,undefined,false,,,,,,,,,
true,undefined,false,,,,,,,,,
true,undefined,false,,,,,,,,,
true,undefined,false,,,,,,,,,
true,undefined,false,,,,,,,,,
true,undefined,false,,,,,,,,,
true,undefined,false,,,,,,,,,
true,undefined,false,,,,,,,,,
true,undefined,false,off,,,,,,,,
true,undefined,false,,,,,,,,,
true,undefined,false,off,,,,,,,,
true,undefined,false,,,,,,,,,
true,undefined,false,off,,,,,,,,
true,undefined,false,,,,,,,,,
true,undefined,false,,,,,,,,,
true,undefined,false,,,,,,,,,
true,undefined,false,,,,,,,,,
true,undefined,false,,,,,,,,,
true,undefined,false,,,,,,,,,
true,undefined,false,,,,,,,,,
true,undefined,false,,,,,,,,,
true,undefined,false,,,,,,,,,
true,stored,false,off,,,,,,,,
true,stored,false,off,,,,,,,,
true,undefined,false,,,,,,,,,
true,undefined,false,,,,,,,,,
true,stored,false,off,,,,,,,,
true,undefined,false,,,,,,,,,
true,undefined,false,,,,,,,,,
true,stored,false,off,,,,,,,,
true,undefined,false,,,,,,,,,
true,undefined,false,,,,,,,,,
true,undefined,false,,,,,,,,,
true,undefined,false,,,,,,,,,
true,stored,false,off,,,,,,,,
true,undefined,false,,,,,,,,,
true,undefined,false,,,,,,,,,
true,undefined,false,,,,,,,,,
true,undefined,false,,,,,,,,,
true,stored,false,off,,,,,,,,
true,undefined,false,,,,,,,,,
true,undefined,false,,,,,,,,,
true,undefined,false,,,,,,,,,
,stored,false,off,,,,,,,,
true,undefined,false,,,,,,,,,
true,undefined,false,,,,,,,,,
true,undefined,false,,,,,,,,,
true,undefined,false,,,,,,,,,
true,stored,false,off,,,,,,,,
true,stored,false,off,,,,,,,,
true,stored,false,off,,,,,,,,
true,stored,false,off,,,,,,,,
true,stored,false,off,,,,,,,,
true,stored,false,off,,,,,,,,
true,stored,false,off,,,,,,,,
true,undefined,false,,,,,,,,,
true,undefined,false,,,,,,,,,
true,undefined,false,,,,,,,,,
true,undefined,false,,,,,,,,,
true,undefined,false,,,,,,,,,
true,undefined,false,,,,,,,,,
true,stored,false,off,,,,,,,,
true,stored,false,off,,,,,,,,
true,stored,false,off,,,,,,,,
true,stored,false,off,,,,,,,,
true,undefined,false,,,,,,,,,
true,stored,false,off,,,,,,,,
true,stored,false,,,,,,,,,
true,undefined,false,,,,,,,,,
true,undefined,false,,,,,,,,,
true,stored,false,off,,,,,,,,
true,stored,false,off,,,,,,,,
true,undefined,false,,,,,,,,,
true,stored,false,off,,,,,,,,
true,stored,false,off,,,,,,,,
true,undefined,false,,,,,,,,,
true,undefined,false,,,,,,,,,
true,undefined,false,,,,,,,,,
true,undefined,false,,,,,,,,,
true,undefined,false,,,,,,,,,
true,undefined,false,,,,,,,,,
true,stored,false,off,,,,,,,,
true,undefined,false,,,,,,,,,
true,stored,false,off,,,,,,,,
true,stored,false,off,,,,,,,,
true,stored,false,off,,,,,,,,
true,stored,false,off,,,,,,,,
true,stored,false,off,,,,,,,,
true,stored,false,off,,,,,,,,
true,undefined,false,,,,,,,,,
true,undefined,false,,,,,,,,,
true,undefined,false,,,,,,,,,
true,undefined,false,,,,,,,,,
true,undefined,false,,,,,,,,,
true,undefined,false,,,,,,,,,
true,undefined,false,,,,,,,,,
true,undefined,false,,,,,,,,,
true,undefined,false,,,,,,,,,
true,undefined,false,,,,,,,,,
true,undefined,false,,,,,,,,,
true,undefined,false,,,,,,,,,
true,undefined,false,,,,,,,,,
true,undefined,false,,,,,,,,,
true,undefined,false,,,,,,,,,
true,undefined,false,,,,,,,,,
true,undefined,false,,,,,,,,,
true,undefined,false,,,,,,,,,
true,undefined,false,,,,,,,,,
true,undefined,false,,,,,,,,,
true,undefined,false,,,,,,,,,
true,undefined,false,,,,,,,,,
true,undefined,false,,,,,,,,,
true,undefined,false,,,,,,,,,
true,undefined,false,,,,,,,,,
true,undefined,false,,,,,,,,,
true,undefined,false,,,,,,,,,
true,undefined,false,,,,,,,,,
true,undefined,false,,,,,,,,,
true,undefined,false,,,,,,,,,
,stored,false,off,,,,,,,,
true,undefined,false,,,,,,,,,
true,undefined,false,,,,,,,,,
true,undefined,false,,,,,,,,,
true,undefined,false,,,,,,,,,
true,undefined,false,,,,,,,,,
true,undefined,false,,,,,,,,,
true,undefined,false,,,,,,,,,
true,undefined,false,,,,,,,,,
true,undefined,false,,,,,,,,,
true,undefined,false,,,,,,,,,
true,undefined,false,,,,,,,,,
true,undefined,false,,,,,,,,,
true,undefined,false,,,,,,,,,
true,undefined,false,,,,,,,,,
true,undefined,false,,,,,,,,,
true,undefined,false,,,,,,,,,
true,undefined,false,,,,,,,,,
true,undefined,false,,,,,,,,,
true,undefined,false,,,,,,,,,
true,undefined,false,,,,,,,,,
true,undefined,false,,,,,,,,,
true,undefined,false,,,,,,,,,
true,undefined,false,,,,,,,,,
true,undefined,false,,,,,,,,,
true,undefined,false,,,,,,,,,
true,undefined,false,,,,,,,,,
true,undefined,false,,,,,,,,,
true,undefined,false,,,,,,,,,
true,undefined,false,,,,,,,,,
true,undefined,false,,,,,,,,,
true,undefined,false,,,,,,,,,
true,undefined,false,,,,,,,,,
true,undefined,false,,,,,,,,,
true,undefined,false,,,,,,,,,
true,stored,false,,,,,,,,,
true,undefined,false,,,,,,,,,
true,undefined,false,,,,,,,,,
true,undefined,false,,,,,,,,,
true,undefined,false,,,,,,,,,
true,stored,false,,,,,,,,,
true,undefined,false,,,,,,,,,
true,undefined,false,,,,,,,,,
true,stored,false,,,,,,,,,
true,stored,false,,,,,,,,,
true,undefined,false,,,,,,,,,
true,undefined,false,,,,,,,,,
true,stored,false,,,,,,,,,
true,stored,false,,,,,,,,,
true,stored,false,,,,,,,,,
true,undefined,false,,,,,,,,,
true,undefined,false,,,,,,,,,
true,undefined,false,,,,,,,,,
true,undefined,false,,,,,,,,,
true,undefined,false,,,,,,,,,
true,undefined,false,,,,,,,,,
true,undefined,false,,,,,,,,,
true,undefined,false,,,,,,,,,
true,undefined,false,,,,,,,,,
true,undefined,false,,,,,,,,,
true,undefined,false,,,,,,,,,
true,stored,false,,,,,,,,,
true,undefined,false,,,,,,,,,
true,stored,false,,,,,,,,,
true,undefined,false,,,,,,,,,
true,stored,false,,,,,,,,,
true,stored,false,,,,,,,,,
true,stored,false,,,,,,,,,
true,stored,false,,,,,,,,,
true,stored,false,,,,,loose,,,,
true,stored,false,,,,,,,,,
true,stored,false,,,,,,,,,
true,stored,false,,,,,,,,,
true,undefined,false,,,,,,,,,
true,undefined,false,,,,,,,,,
true,undefined,false,,,,,,,,,
true,undefined,false,,,,,,,,,
true,undefined,false,,,,,,,,,
true,stored,false,,,,,,,,,
true,stored,false,,,,,,,,,
,undefined,false,,,,,,,,,
true,stored,false,,,,,,,,,
true,stored,false,,,,,,,,,
true,stored,false,,,,,,,,,
true,stored,false,,,,,,,,,
true,stored,false,,,,,,,,,
true,stored,false,,,,,,,,,
true,stored,false,,,,,,,,,
true,stored,false,,,,,,,,,
,undefined,false,,,,,,,,,
true,stored,false,,,,,,,,,
true,stored,false,,,,,,,,,
true,stored,false,,,,,,,,,
true,stored,false,,,,,,,,,
true,undefined,false,,,,,,,,,
true,undefined,false,,,,,,,,,
true,stored,false,,,,,,,,,
true,stored,false,,,,,,,,,
true,stored,false,,,,,,,,,
true,stored,false,,,,,,,,,
true,stored,false,,,,,,,,,
true,stored,false,,,,,loose,,,,
true,stored,false,,,,,,,,,
true,stored,false,,,,,,,,,
true,stored,false,,,,,,,,,
true,stored,false,,,,,,,,,
true,stored,false,,,,,,,,,
true,undefined,false,,,,,,,,,
true,undefined,false,,,,,,,,,
true,stored,false,,,,,,,,,
true,stored,false,,,,,,,,,
true,stored,false,,,,,,,,,
true,stored,false,,,,,,,,,
,undefined,false,,,,,,,,,
true,undefined,false,,,,,,,,,
true,stored,false,,,,,,,,,
true,stored,false,,,,,,,,,
true,stored,false,,,,,,,,,
true,stored,false,,,,,,,,,
true,stored,false,,,,,,,,,
true,undefined,false,,,,,,,,,
true,undefined,false,,,,,,,,,
true,stored,false,,,,,,,,,
true,stored,false,,,,,,,,,
true,undefined,false,,,,,,,,,
true,stored,false,,,,,,,,,
true,stored,false,,,,,,,,,
true,stored,false,,,,,,,,,
true,stored,false,,,,,,,,,
true,stored,false,,,,,,,,,
true,stored,false,,,,,,,,,
true,stored,false,,,,,,,,,
true,stored,false,,,,,,,,,
,undefined,false,,,,,,,,,
true,stored,false,,,,,,,,,
,undefined,false,,,,,,,,,
true,stored,false,,,,,,,,,
true,stored,false,,,,,,,,,
true,stored,false,,,,,,,,,
true,undefined,false,,,,,,,,,
true,undefined,false,,,,,,true,1024,65535,AIC-100M-ML
true,undefined,false,,,,,,true,1024,65535,41.33.212.178
